time,Predicted Volatility
2016-07-02,0.008282309198006075
2016-07-03,0.011564991752802916
2016-07-04,0.009776316436092494
2016-07-05,0.025820886719412697
2016-07-06,0.014171317687492224
2016-07-07,0.014112271441941427
2016-07-08,0.015983242797383907
2016-07-09,0.023608126203137392
2016-07-10,0.011172807091252882
2016-07-11,0.009215736449287045
2016-07-12,0.006840980506904638
2016-07-13,0.005470548870796213
2016-07-14,0.009379350332724138
2016-07-15,0.018743150163588077
2016-07-16,0.00615529533382292
2016-07-17,0.007408102171422347
2016-07-18,0.008639233177342899
2016-07-19,0.00978887504433858
2016-07-20,0.017123173316027647
2016-07-21,0.006718258421984062
2016-07-22,0.017425636699770344
2016-07-23,0.011359688470603606
2016-07-24,0.02132616089405136
2016-07-25,0.010203423228767843
2016-07-26,0.016142572154226553
2016-07-27,0.011567392573178702
2016-07-28,0.006718793968275524
2016-07-29,0.006865910473076431
2016-07-30,0.004544467255038994
2016-07-31,0.009839072159652504
2016-08-01,0.011871968368157917
2016-08-02,0.02436930130875468
2016-08-11,0.0067235223205219736
2016-08-12,0.002938174185575361
2016-08-13,0.00535855986917431
2016-08-14,0.0061775656653562765
2016-08-15,0.00467290121173109
2016-08-16,0.006175495628010423
2016-08-17,0.02034044196285809
2016-08-18,0.0026800745934331535
2016-08-19,0.0048202675307371665
2016-08-20,0.006419620590599031
2016-08-21,0.004678069359107993
2016-08-22,0.0051264395537236876
2016-08-23,0.007666595858601701
2016-08-24,0.008158962719739453
2016-08-25,0.009551670468375309
2016-08-26,0.014998353047879318
2016-08-27,0.009578600674046853
2016-08-28,0.032806145143688806
2016-08-29,0.0216908776811281
2016-08-30,0.025491612054176358
2016-08-31,0.013146283475593934
2016-09-01,0.017588446787503046
2016-09-02,0.014108106869210026
2016-09-03,0.019749856787237632
2016-09-04,0.020361463200011923
2016-09-05,0.013133050873022448
2016-09-06,0.015778540933137138
2016-09-07,0.009139931338252824
2016-09-08,0.01934193501076595
2016-09-09,0.022050484373451
2016-09-10,0.0051913907249368
2016-09-11,0.011283422072108985
2016-09-12,0.015561200011220447
2016-09-13,0.0268647750296774
2016-09-14,0.006908430859926248
2016-09-15,0.01078962862362514
2016-09-16,0.006357481428026354
2016-09-17,0.011340510303968283
2016-09-18,0.010445488035146456
2016-09-19,0.01200381615120497
2016-09-20,0.01951551082863913
2016-09-21,0.009248544970228301
2016-09-22,0.015343075890255988
2016-09-23,0.01592736595975797
2016-09-24,0.011902556539667396
2016-09-25,0.007926308680173652
2016-09-26,0.005460271689340668
2016-09-27,0.006166108648215982
2016-09-28,0.007758937851013879
2016-09-29,0.002819693789960825
2016-09-30,0.009999877419221714
2016-10-01,0.010390043969588375
2016-10-02,0.010917722996755402
2016-10-03,0.0055792677843083515
2016-10-04,0.006177163302183979
2016-10-05,0.0038313232802982488
2016-10-06,0.0075300938080869444
2016-10-07,0.008332555539193525
2016-10-08,0.007055279869304358
2016-10-09,0.004640862958710968
2016-10-10,0.0038588114046548185
2016-10-11,0.008680495302116502
2016-10-12,0.009713998753603636
2016-10-13,0.008020144010960168
2016-10-14,0.004496820516472571
2016-10-15,0.008132712418196252
2016-10-16,0.005113418566329306
2016-10-17,0.005165870587147378
2016-10-18,0.007792769742772506
2016-10-19,0.004643627187205392
2016-10-20,0.01424076553620348
2016-10-21,0.004327448260883513
2016-10-22,0.011133141671842492
2016-10-23,0.009079836859418412
2016-10-24,0.008657242510340198
2016-10-25,0.018299494005237876
2016-10-26,0.007556576362021214
2016-10-27,0.011830228679227794
2016-10-28,0.009404640556326949
2016-10-29,0.02468069758041655
2016-10-30,0.015144819148578155
2016-10-31,0.009291940584935007
2016-11-01,0.01770813568297905
2016-11-02,0.009043397122468969
2016-11-03,0.020450079401825184
2016-11-04,0.008950198163293437
2016-11-05,0.009189510764348733
2016-11-06,0.009170136978131453
2016-11-07,0.021104179845578698
2016-11-08,0.028703472097465006
2016-11-09,0.015014103752871598
2016-11-10,0.015040968871490973
2016-11-11,0.011618622752378654
2016-11-12,0.013576937306776077
2016-11-13,0.015974492548013513
2016-11-14,0.011239591416113415
2016-11-15,0.01122138840325372
2016-11-16,0.01823729086708321
2016-11-17,0.008865396933109908
2016-11-18,0.018702076017611143
2016-11-19,0.014407988265719396
2016-11-20,0.009548334654359641
2016-11-21,0.01159214001468791
2016-11-22,0.011205854154905022
2016-11-23,0.010945061923718006
2016-11-24,0.026279853922052634
2016-11-25,0.013923003120029195
2016-11-26,0.020773307078128328
2016-11-27,0.016642384782042063
2016-11-28,0.016682278708598508
2016-11-29,0.02669808062041946
2016-11-30,0.025233829130883383
2016-12-01,0.00636891815393383
2016-12-02,0.026860903731260898
2016-12-03,0.016866672933441882
2016-12-04,0.027564321718629995
2016-12-05,0.02684591105744363
2016-12-06,0.058807340839068294
2016-12-07,0.0318999678799335
2016-12-08,0.022233180399488555
2016-12-09,0.027242759969177768
2016-12-10,0.017834756979599353
2016-12-11,0.009581964530820513
2016-12-12,0.016596147199965574
2016-12-13,0.01683624503781582
2016-12-14,0.009792994106549876
2016-12-15,0.009289598590399043
2016-12-16,0.01842076760286116
2016-12-17,0.013921383051738113
2016-12-18,0.01500360501808524
2016-12-19,0.01739399339972588
2016-12-20,0.007820052222208973
2016-12-21,0.013673049645605298
2016-12-22,0.01348586251990602
2016-12-23,0.017130738517532614
2016-12-24,0.00902777884534975
2016-12-25,0.014936537233694475
2016-12-26,0.021434433597660566
2016-12-27,0.01634641287198704
2016-12-28,0.01880695110163548
2016-12-29,0.022099319125991453
2016-12-30,0.017577050652785493
2016-12-31,0.0043747046725243766
2017-01-01,0.021845588302619977
2017-01-02,0.011625534704456176
2017-01-03,0.01750657408640697
2017-01-04,0.017395582773599295
2017-01-05,0.04237189456779292
2017-01-06,0.025425945891291928
2017-01-07,0.01877836251998591
2017-01-08,0.01495219322917163
2017-01-09,0.01734676443828783
2017-01-10,0.016325546391806334
2017-01-11,0.02627683929836824
2017-01-12,0.019357442526582995
2017-01-13,0.022112161838984873
2017-01-14,0.01921854511054515
2017-01-15,0.024938836888940902
2017-01-16,0.014947746591453185
2017-01-17,0.014301064094870884
2017-01-18,0.016602311993011463
2017-01-19,0.01048603287440235
2017-01-20,0.014178842983889965
2017-01-21,0.0082162200550689
2017-01-22,0.012547202715432472
2017-01-23,0.0072362192421498855
2017-01-24,0.006355844747462219
2017-01-25,0.008341205399452371
2017-01-26,0.005397813544195581
2017-01-27,0.00399851562722447
2017-01-28,0.003924304654602208
2017-01-29,0.004331824401560226
2017-01-30,0.0036644588728021016
2017-01-31,0.0022069930592432015
2017-02-01,0.012396590317233884
2017-02-02,0.006549388780362285
2017-02-03,0.007459344523295763
2017-02-04,0.009873271180676234
2017-02-05,0.01055902585912938
2017-02-06,0.0045775184229844825
2017-02-07,0.0041468378712884255
2017-02-08,0.010437702265840478
2017-02-09,0.027292540441178167
2017-02-10,0.007584955990977376
2017-02-11,0.008782290412039494
2017-02-12,0.00973631380266379
2017-02-13,0.008695360631826264
2017-02-14,0.013325285797902944
2017-02-15,0.009205933710579298
2017-02-16,0.005402499863271552
2017-02-17,0.005154876711946619
2017-02-18,0.006163747569541989
2017-02-19,0.007005446049362402
2017-02-20,0.005978202874742852
2017-02-21,0.006371472341139422
2017-02-22,0.00803846594134185
2017-02-23,0.005311441441762078
2017-02-24,0.011754767570742118
2017-02-25,0.006509475038364039
2017-02-26,0.007156040258809411
2017-02-27,0.006107540691317486
2017-02-28,0.01570576726558552
2017-03-01,0.00884778646083562
2017-03-02,0.012529323532672146
2017-03-03,0.01261633939497646
2017-03-04,0.015765959342513628
2017-03-05,0.009477549352145655
2017-03-06,0.006477053974044727
2017-03-07,0.013294861990937214
2017-03-08,0.013497681093764808
2017-03-09,0.010587217666117895
2017-03-10,0.03469906889107445
2017-03-11,0.011004366983665057
2017-03-12,0.010894523068291058
2017-03-13,0.0345835095567795
2017-03-14,0.013595426111438018
2017-03-15,0.01885040671311054
2017-03-16,0.04228040964166438
2017-03-17,0.06800930878607922
2017-03-18,0.041373703782311706
2017-03-19,0.03857969481818802
2017-03-20,0.0224247610032258
2017-03-21,0.012556653950796364
2017-03-22,0.012687445654663945
2017-03-23,0.012680604234109003
2017-03-24,0.031973533840138166
2017-03-25,0.02328035000597149
2017-03-26,0.016160661551132487
2017-03-27,0.009647624057714644
2017-03-28,0.0079333795278423
2017-03-29,0.008969334179488489
2017-03-30,0.007472429597759273
2017-03-31,0.00729644324672611
2017-04-01,0.007097994611985135
2017-04-02,0.013312480408996812
2017-04-03,0.01681774642887615
2017-04-04,0.011459163760883883
2017-04-05,0.008535976894300391
2017-04-06,0.009807486127562326
2017-04-07,0.006088118138554228
2017-04-08,0.010706684367350863
2017-04-09,0.007530310877948235
2017-04-10,0.003835215505758482
2017-04-11,0.005209454230429436
2017-04-12,0.007843688243077924
2017-04-13,0.008107754811103172
2017-04-14,0.008260619166251437
2017-04-15,0.007099554167500791
2017-04-16,0.004918728466836698
2017-04-17,0.005503304787636172
2017-04-18,0.005261406660259343
2017-04-19,0.016765520251472966
2017-04-20,0.0071563528457607335
2017-04-21,0.004478148358374803
2017-04-22,0.0033986737932668993
2017-04-23,0.005362193490413587
2017-04-24,0.0072731558268349875
2017-04-25,0.0041649960911654725
2017-04-26,0.007574994150351219
2017-04-27,0.011672497149883998
2017-04-28,0.017356275632829116
2017-04-29,0.008530224038585804
2017-04-30,0.009548890863227757
2017-05-01,0.024491077164252206
2017-05-02,0.012887533482981951
2017-05-03,0.00866929771284111
2017-05-04,0.013333847047843884
2017-05-05,0.012453141456818851
2017-05-06,0.006397711141177951
2017-05-07,0.010076935425439812
2017-05-08,0.012382167038074609
2017-05-09,0.026601351428543994
2017-05-10,0.011891417728538942
2017-05-11,0.013236328526749417
2017-05-12,0.008757535971880812
2017-05-13,0.012171231824828415
2017-05-14,0.004800062660379697
2017-05-15,0.0062149790696463675
2017-05-16,0.00880061229912432
2017-05-17,0.010407439611903931
2017-05-18,0.00852164445564594
2017-05-19,0.020322457308293504
2017-05-20,0.015734470152095767
2017-05-21,0.015112293327988718
2017-05-22,0.041199732640322055
2017-05-23,0.014817451134733857
2017-05-24,0.015558390922332575
2017-05-25,0.030126751208470463
2017-05-26,0.02870949254266167
2017-05-27,0.05971584966972484
2017-05-28,0.024744353886685593
2017-05-29,0.014390170275889359
2017-05-30,0.023856139102990753
2017-05-31,0.021095517426230913
2017-06-01,0.013055859465606121
2017-06-02,0.007563289234810604
2017-06-03,0.0058474805612851195
2017-06-04,0.007806641437997993
2017-06-05,0.00481520099492306
2017-06-06,0.007573457867600546
2017-06-07,0.005293973848897042
2017-06-08,0.0030827325002215043
2017-06-09,0.004203269540010858
2017-06-10,0.009659643830923468
2017-06-11,0.008592011254053265
2017-06-12,0.029080402778330624
2017-06-13,0.013716501499647437
2017-06-14,0.02071407628123187
2017-06-15,0.029251371689143994
2017-06-16,0.009955010945655816
2017-06-17,0.005837729734546988
2017-06-18,0.00738971917239607
2017-06-19,0.0043348902549209915
2017-06-20,0.007455092818651299
2017-06-21,0.01521120326337653
2017-06-22,0.00558284046577847
2017-06-23,0.002754412814221809
2017-06-24,0.006200525520551086
2017-06-25,0.008937404982029598
2017-06-26,0.01979740432620514
2017-06-27,0.01876651059243626
2017-06-28,0.011201232330650655
2017-06-29,0.007929456304284883
2017-06-30,0.004851484916876999
2017-07-01,0.00828765720116773
2017-07-02,0.0054191686527221
2017-07-03,0.002965897102499559
2017-07-04,0.0022842978648679683
2017-07-05,0.003005937945950376
2017-07-06,0.0015416154793038072
2017-07-07,0.0032556499784598706
2017-07-08,0.0020979632293974065
2017-07-09,0.0015609505349555948
2017-07-10,0.008849959519480689
2017-07-11,0.015200095148988471
2017-07-12,0.010898078253159783
2017-07-13,0.005777879522777991
2017-07-14,0.005667879867840339
2017-07-15,0.007945848926396812
2017-07-16,0.015851459623457263
2017-07-17,0.014691579042806175
2017-07-18,0.021762686989677114
2017-07-19,0.01737724585083831
2017-07-20,0.01715403905929835
2017-07-21,0.006877294964370535
2017-07-22,0.0037740537344683155
2017-07-23,0.003390164733489665
2017-07-24,0.0017294460920755572
2017-07-25,0.008783053791969819
2017-07-26,0.005617826072902264
2017-07-27,0.0017575748008080772
2017-07-28,0.0034114323736942793
2017-07-29,0.006467307091552356
2017-07-30,0.003861915423760032
2017-07-31,0.002710416193123473
2017-08-01,0.00989665699574412
2017-08-02,0.0020129265989844943
2017-08-03,0.001567271545571935
2017-08-04,0.0017425932442738166
2017-08-05,0.006332775041487521
2017-08-06,0.0032927163630908627
2017-08-07,0.002180589964592698
2017-08-08,0.0033974870917614984
2017-08-09,0.005867337289434102
2017-08-10,0.0020740567429899676
2017-08-11,0.0017662769101256374
2017-08-12,0.002305898742781229
2017-08-13,0.00463945732908089
2017-08-14,0.0021408070476974256
2017-08-15,0.003596887519817082
2017-08-16,0.0023689473702607424
2017-08-17,0.0018907851854446387
2017-08-18,0.0024429626259978333
2017-08-19,0.0031192826519658916
2017-08-20,0.0015291557435021049
2017-08-21,0.005458003266260849
2017-08-22,0.004506882432873264
2017-08-23,0.0016341114828490454
2017-08-24,0.001341313280368476
2017-08-25,0.0016584233316484119
2017-08-26,0.0013870267006787249
2017-08-27,0.0012454509078885124
2017-08-28,0.0013754372966323482
2017-08-29,0.002136780282434511
2017-08-30,0.0020869123444826492
2017-08-31,0.0010642705302345249
2017-09-01,0.0013622729929329833
2017-09-02,0.007182168895164272
2017-09-03,0.0032544540910808867
2017-09-04,0.011832484766042484
2017-09-05,0.006980207133596759
2017-09-06,0.0032338057039959685
2017-09-07,0.0017939100569468968
2017-09-08,0.006573796460379158
2017-09-09,0.0022786755354609117
2017-09-10,0.0026848702964305487
2017-09-11,0.0021690955049152322
2017-09-12,0.0025072760089590433
2017-09-13,0.005657987510118533
2017-09-14,0.01342806344134617
2017-09-15,0.022788574290626046
2017-09-16,0.005592545448706179
2017-09-17,0.0027284850735004667
2017-09-18,0.006488201066685677
2017-09-19,0.003191039998207835
2017-09-20,0.0015252892894567266
2017-09-21,0.004494833196912068
2017-09-22,0.0024317117560403285
2017-09-23,0.0028178943705457634
2017-09-24,0.0022732328279957735
2017-09-25,0.002198317484220688
2017-09-26,0.0013389210292724487
2017-09-27,0.0020553253990103094
2017-09-28,0.0013509990133116292
2017-09-29,0.0021758558587806373
2017-09-30,0.0013168296489285307
2017-10-01,0.0009431791896353239
2017-10-02,0.001001025916976742
2017-10-03,0.0013443538001500002
2017-10-04,0.0010645376820302055
2017-10-05,0.0010584728084426784
2017-10-06,0.0010328879661420211
2017-10-07,0.0008790832605179132
2017-10-08,0.0008292933771931114
2017-10-09,0.0017664571403172877
2017-10-10,0.0012792040562758364
2017-10-11,0.0011227538837502078
2017-10-12,0.0014069184693586143
2017-10-13,0.005352928658443359
2017-10-14,0.001232962922070357
2017-10-15,0.00158785828736957
2017-10-16,0.002364643474066556
2017-10-17,0.001750634512687074
2017-10-18,0.00250732866282465
2017-10-19,0.001477963061965421
2017-10-20,0.0014383786920620528
2017-10-21,0.0012823946937594757
2017-10-22,0.001357009248554562
2017-10-23,0.002033688467088062
2017-10-24,0.0034882602030186544
2017-10-25,0.0014490369979243889
2017-10-26,0.0010396981777638413
2017-10-27,0.0010639084601197957
2017-10-28,0.0009839548566278786
2017-10-29,0.0018283083413205086
2017-10-30,0.000921218889545524
2017-10-31,0.0008177000446992144
2017-11-01,0.0015261580679441031
2017-11-02,0.0035140838114508166
2017-11-03,0.0028878761474110883
2017-11-04,0.0011111193783883474
2017-11-05,0.0008631090777154194
2017-11-06,0.0012189922826606908
2017-11-07,0.0018395523709347956
2017-11-08,0.002578533234414978
2017-11-09,0.001814874866091423
2017-11-10,0.003046542630234757
2017-11-11,0.0031591456411027706
2017-11-12,0.011553449171206822
2017-11-13,0.003894093464240954
2017-11-14,0.0030661354006466445
2017-11-15,0.001532778656165611
2017-11-16,0.0015703452543533256
2017-11-17,0.0013270196567119056
2017-11-18,0.0015701309390392102
2017-11-19,0.0021373519025529083
2017-11-20,0.001274877974646961
2017-11-21,0.0021308484892536006
2017-11-22,0.0013010304976374333
2017-11-23,0.003189975519322236
2017-11-24,0.007205038286538533
2017-11-25,0.002492874656023054
2017-11-26,0.002104168877027503
2017-11-27,0.0034416167188204717
2017-11-28,0.0013042809444137448
2017-11-29,0.017068736626157103
2017-11-30,0.011073600237087589
2017-12-01,0.0038484887394943726
2017-12-02,0.0021873581131876913
2017-12-03,0.0038801564066394015
2017-12-04,0.0024706923629721116
2017-12-05,0.002017191392592799
2017-12-06,0.005414664055059892
2017-12-07,0.008113357698880818
2017-12-08,0.011074285489327134
2017-12-09,0.006086162253426115
2017-12-10,0.007679209393434165
2017-12-11,0.008557476029468249
2017-12-12,0.019785565603515604
2017-12-13,0.018010457977628642
2017-12-14,0.006788527438586628
2017-12-15,0.0046668324801411
2017-12-16,0.001883634253888307
2017-12-17,0.0019086284855540747
2017-12-18,0.005470165397852929
2017-12-19,0.007557236005581496
2017-12-20,0.011441833132183828
2017-12-21,0.008095887318273041
2017-12-22,0.05499088115070905
2017-12-23,0.010231912753709455
2017-12-24,0.01479571018316395
2017-12-25,0.005974209493379313
2017-12-26,0.0032990795319313756
2017-12-27,0.003296438977477566
2017-12-28,0.008840768703789274
2017-12-29,0.002907112513326378
2017-12-30,0.007609850282915002
2017-12-31,0.0034321152981828286
2018-01-01,0.0020542645412529397
2018-01-02,0.00790022305192195
2018-01-03,0.003982095810196933
2018-01-04,0.004056328098668065
2018-01-05,0.003229064294304582
2018-01-06,0.0018947574497802798
2018-01-07,0.003345982038925881
2018-01-08,0.010767649387736567
2018-01-09,0.006914293755037278
2018-01-10,0.00972586589114329
2018-01-11,0.016685994987069432
2018-01-12,0.006183417696320113
2018-01-13,0.003860961381556438
2018-01-14,0.004396079709104413
2018-01-15,0.0034129119287141215
2018-01-16,0.042005455464216516
2018-01-17,0.053936831416944636
2018-01-18,0.020175633495428273
2018-01-19,0.008907145605698047
2018-01-20,0.005642334538409985
2018-01-21,0.007837911492084577
2018-01-22,0.009765811199008715
2018-01-23,0.009820430164586553
2018-01-24,0.00531280065804178
2018-01-25,0.003468649742410871
2018-01-26,0.0042551129968133
2018-01-27,0.0028242807404642934
2018-01-28,0.003945658999378885
2018-01-29,0.0030634846032407802
2018-01-30,0.006907645428430478
2018-01-31,0.0054585215917234845
2018-02-01,0.008038282606186352
2018-02-02,0.025311574059235082
2018-02-03,0.00906064968888802
2018-02-04,0.015093990766251682
2018-02-05,0.027633339644737263
2018-02-06,0.04148846940781803
2018-02-07,0.013481643615748962
2018-02-08,0.005820546164701168
2018-02-09,0.004508674433503883
2018-02-10,0.004950380921125776
2018-02-11,0.004606278377722336
2018-02-12,0.0034032268992937207
2018-02-13,0.001390576682759813
2018-02-14,0.002163484295553999
2018-02-15,0.0018173656455470054
2018-02-16,0.001109706649811527
2018-02-17,0.0011455381929601515
2018-02-18,0.0023774359383303186
2018-02-19,0.0012381497061860047
2018-02-20,0.0016614294044792343
2018-02-21,0.002557172205582158
2018-02-22,0.00247567712996003
2018-02-23,0.002323861904451738
2018-02-24,0.002959279953025853
2018-02-25,0.0013681500014815604
2018-02-26,0.0015146580517148853
2018-02-27,0.0008932937450723617
2018-02-28,0.001021238112498343
2018-03-01,0.0008494797620082341
2018-03-02,0.0005633025618400456
2018-03-03,0.00048570648882890577
2018-03-04,0.00046997781401154594
2018-03-05,0.0005374208146041396
2018-03-06,0.0008049149113171028
2018-03-07,0.002685762751144771
2018-03-08,0.002002568046932141
2018-03-09,0.003703636557408974
2018-03-10,0.0019657506353308154
2018-03-11,0.0021652769662772603
2018-03-12,0.0019733280922082075
2018-03-13,0.002199569726156508
2018-03-14,0.0032953586264159868
2018-03-15,0.0028104841943547257
2018-03-16,0.002001263134357109
2018-03-17,0.0023911211038811333
2018-03-18,0.00845929504385096
2018-03-19,0.0050452638904480915
2018-03-20,0.0029296053664114247
2018-03-21,0.0025523750270743583
2018-03-22,0.002546526188337588
2018-03-23,0.0020233818279512903
2018-03-24,0.0017364068728725113
2018-03-25,0.0014550108929313728
2018-03-26,0.003503528864143143
2018-03-27,0.005157890827786964
2018-03-28,0.0020056584937152267
2018-03-29,0.00738614427527168
2018-03-30,0.009225425021261682
2018-03-31,0.0036614321494245258
2018-04-01,0.003763206174729041
2018-04-02,0.0023993640517502787
2018-04-03,0.0024988739653841905
2018-04-04,0.0038802123478394544
2018-04-05,0.003396508101494852
2018-04-06,0.002002434379054191
2018-04-07,0.001545362796261812
2018-04-08,0.001426450195617227
2018-04-09,0.003041095238097398
2018-04-10,0.001518710509823982
2018-04-11,0.001335373265389939
2018-04-12,0.007110095623962581
2018-04-13,0.004556977839129214
2018-04-14,0.003374687877799384
2018-04-15,0.002790818159772027
2018-04-16,0.0032717175808796174
2018-04-17,0.0015586029552572304
2018-04-18,0.001733459132421471
2018-04-19,0.002401838787478256
2018-04-20,0.002980270458801261
2018-04-21,0.0022216265332412337
2018-04-22,0.0020353483632845073
2018-04-23,0.0012064683880519639
2018-04-24,0.0025873304900000406
2018-04-25,0.009226623720102063
2018-04-26,0.003869133468111465
2018-04-27,0.0018933152290102114
2018-04-28,0.0024215383319384056
2018-04-29,0.0018285057721282214
2018-04-30,0.0017741938769623039
2018-05-01,0.0030976213945193335
2018-05-02,0.00161228796362055
2018-05-03,0.00447484181419617
2018-05-04,0.0021834839657348948
2018-05-05,0.00145755426179178
2018-05-06,0.0021287724086182713
2018-05-07,0.0064539673299922285
2018-05-08,0.002268773113096063
2018-05-09,0.0016870468887549789
2018-05-10,0.001586340766395588
2018-05-11,0.0043085229310276495
2018-05-12,0.0036988352402713078
2018-05-13,0.0029382436594558607
2018-05-14,0.0038093039465118862
2018-05-15,0.00263551614817189
2018-05-16,0.0023677877466376017
2018-05-17,0.0019260880741510153
2018-05-18,0.002028296996524106
2018-05-19,0.0011616485398114878
2018-05-20,0.0010342068082968862
2018-05-21,0.0008596853061211287
2018-05-22,0.002027269549289396
2018-05-23,0.004319210755744051
2018-05-24,0.005182899288374066
2018-05-25,0.002769860076881815
2018-05-26,0.0015543310409386433
2018-05-27,0.0014614829830552891
2018-05-28,0.004205458302369183
2018-05-29,0.004072757581151654
2018-05-30,0.0022246341324398556
2018-05-31,0.0016254680216629888
2018-06-01,0.0013949097302642832
2018-06-02,0.001229567119032235
2018-06-03,0.0013006512256666007
2018-06-04,0.001427657976829485
2018-06-05,0.0016961876247924088
2018-06-06,0.0010066641485303248
2018-06-07,0.0009173467973178527
2018-06-08,0.0007217764379872578
2018-06-09,0.0006282899405754158
2018-06-10,0.004953229443613573
2018-06-11,0.0027490312544147005
2018-06-12,0.0031381662177243867
2018-06-13,0.0037265899587342736
2018-06-14,0.00576743459113107
2018-06-15,0.002845134133026516
2018-06-16,0.0014878939239048748
2018-06-17,0.0009244745319190195
2018-06-18,0.0013319901115596286
2018-06-19,0.0011835062561371193
2018-06-20,0.0011327358462275196
2018-06-21,0.0009598913550826068
2018-06-22,0.005332149519545311
2018-06-23,0.0017327857997263155
2018-06-24,0.004105985912715797
2018-06-25,0.0022749098319202695
2018-06-26,0.0022368190388893355
2018-06-27,0.00199722765546904
2018-06-28,0.0019189819245513241
2018-06-29,0.0023045120240976886
2018-06-30,0.002041532713319189
2018-07-01,0.0010449231764353072
2018-07-02,0.0017343525639856522
2018-07-03,0.0014900611767480066
2018-07-04,0.0011133837240752673
2018-07-05,0.0013292793426570775
2018-07-06,0.0010080448611496653
2018-07-07,0.0010015180775980665
2018-07-08,0.0007678438395954987
2018-07-09,0.0010455824423694846
2018-07-10,0.002643560625764322
2018-07-11,0.0014817834600388098
2018-07-12,0.0014730956432120323
2018-07-13,0.0010164636046274165
2018-07-14,0.0008191127847505264
2018-07-15,0.0007677862672631577
2018-07-16,0.0014998803304402777
2018-07-17,0.001762644802837284
2018-07-18,0.0015917348496584669
2018-07-19,0.0011764149263962607
2018-07-20,0.0017248004936068614
2018-07-21,0.0010958117294200644
2018-07-22,0.000986910662205392
2018-07-23,0.0012582855573556213
2018-07-24,0.002057131740073578
2018-07-25,0.0011338598342786456
2018-07-26,0.00093506724519573
2018-07-27,0.0010412123045480436
2018-07-28,0.0005733781941761457
2018-07-29,0.0006136107827880511
2018-07-30,0.0009212938553639108
2018-07-31,0.0015179183401666857
2018-08-01,0.0013645673743486694
2018-08-02,0.0008917289075433057
2018-08-03,0.0009089139925106003
2018-08-04,0.0009107907218618341
2018-08-05,0.000762927748141529
2018-08-06,0.0007584634914801521
2018-08-07,0.0016298931249182547
2018-08-08,0.002951150069837087
2018-08-09,0.0013657576407872195
2018-08-10,0.002705725120365842
2018-08-11,0.0031674804579252423
2018-08-12,0.0019297029392558512
2018-08-13,0.0035908392345937704
2018-08-14,0.006214428324150169
2018-08-15,0.004523772649104244
2018-08-16,0.002465188412804011
2018-08-17,0.003930918102358265
2018-08-18,0.0036556173421441107
2018-08-19,0.002452399638159922
2018-08-20,0.00424838086900285
2018-08-21,0.0018821317265523448
2018-08-22,0.004021477162371287
2018-08-23,0.0018255997938751492
2018-08-24,0.0014774552180792109
2018-08-25,0.0006484327573156671
2018-08-26,0.0008103300999147648
2018-08-27,0.001112571332225894
2018-08-28,0.0009416367593830814
2018-08-29,0.0010578058099299686
2018-08-30,0.0013215033088458646
2018-08-31,0.0009043127424011186
2018-09-01,0.0013987068338050202
2018-09-02,0.0011167012790472969
2018-09-03,0.001046308457951687
2018-09-04,0.0008494812101270011
2018-09-05,0.008660730456454126
2018-09-06,0.005659481407748841
2018-09-07,0.0035816750904367574
2018-09-08,0.004371640681148732
2018-09-09,0.004522084404098562
2018-09-10,0.003278083028915263
2018-09-11,0.0036185010355665823
2018-09-12,0.0039773166822081665
2018-09-13,0.007544367911518414
2018-09-14,0.005351510151621291
2018-09-15,0.003431929794803082
2018-09-16,0.003633806903008492
2018-09-17,0.005728245931266765
2018-09-18,0.003919056929481209
2018-09-19,0.004003184083373184
2018-09-20,0.0028964401518270103
2018-09-21,0.005112943184585338
2018-09-22,0.003926890684714915
2018-09-23,0.0019790258989837214
2018-09-24,0.0034051039977425427
2018-09-25,0.004286616242606136
2018-09-26,0.0028391461157801423
2018-09-27,0.003537840907347317
2018-09-28,0.002795789388313696
2018-09-29,0.0035321840787322385
2018-09-30,0.0019544384431931052
2018-10-01,0.0014147408945501226
2018-10-02,0.000898631241745264
2018-10-03,0.0015276823148011604
2018-10-04,0.001149317211228526
2018-10-05,0.0010534717890966295
2018-10-06,0.0005874450665920457
2018-10-07,0.0005177465973281907
2018-10-08,0.0010008934186998917
2018-10-09,0.000450207316347771
2018-10-10,0.0005005555689603584
2018-10-11,0.006663480792706598
2018-10-12,0.0015825404632562744
2018-10-13,0.0008769189949525304
2018-10-14,0.0007519216918908825
2018-10-15,0.008549255484309676
2018-10-16,0.0010107459188435704
2018-10-17,0.0006105397194928341
2018-10-18,0.000894427396409443
2018-10-19,0.0005575018317495858
2018-10-20,0.0005656765670309085
2018-10-21,0.0005488925883526273
2018-10-22,0.00048613098367100574
2018-10-23,0.0005161056068680055
2018-10-24,0.00044627309516805997
2018-10-25,0.00045835568148523795
2018-10-26,0.0007899175960958408
2018-10-27,0.00037795114782287147
2018-10-28,0.0004348666132856548
2018-10-29,0.0009095284472916269
2018-10-30,0.0004413867960334232
2018-10-31,0.0007654253554830511
2018-11-01,0.0004253915619635882
2018-11-02,0.0005286397616533621
2018-11-03,0.00045967144203640074
2018-11-04,0.0015856469845452054
2018-11-05,0.0005959416430221668
2018-11-06,0.001205028528953117
2018-11-07,0.0011707322768617536
2018-11-08,0.0008845549527744372
2018-11-09,0.0006196069837556768
2018-11-10,0.00047740638878674357
2018-11-11,0.0005768521419220261
2018-11-12,0.0004414301224558025
2018-11-13,0.000607195286348054
2018-11-14,0.00913080288260099
2018-11-15,0.004923198201157913
2018-11-16,0.0013172767303121986
2018-11-17,0.0007808827786025731
2018-11-18,0.0009335990741622634
2018-11-19,0.00946517009341798
2018-11-20,0.014443715152767343
2018-11-21,0.007647124507975215
2018-11-22,0.003308137380152793
2018-11-23,0.004667017827595674
2018-11-24,0.005927651549006164
2018-11-25,0.011092086306327303
2018-11-26,0.007009091825385026
2018-11-27,0.005100326526056014
2018-11-28,0.0058552716146168604
2018-11-29,0.0038588582923411653
2018-11-30,0.0035043046814067433
2018-12-01,0.0027105608944980207
2018-12-02,0.0019016732780899124
2018-12-03,0.0031740420855372728
2018-12-04,0.002625100651245265
2018-12-05,0.0027444455346236104
2018-12-06,0.007419911292537383
2018-12-07,0.011997349883986678
2018-12-08,0.008512509270339325
2018-12-09,0.0040293357978341045
2018-12-10,0.0028962273587261615
2018-12-11,0.002049155999026651
2018-12-12,0.0020386532001266783
2018-12-13,0.001823543209358429
2018-12-14,0.0017792702545480594
2018-12-15,0.001340594531690241
2018-12-16,0.0014460218139840829
2018-12-17,0.005049808258995734
2018-12-18,0.003372097126114976
2018-12-19,0.004264730863872275
2018-12-20,0.009417134200074725
2018-12-21,0.006385390642110806
2018-12-22,0.0044254296813287805
2018-12-23,0.008414172870634949
2018-12-24,0.014140527608725086
2018-12-25,0.00947465393851385
2018-12-26,0.005083962394744599
2018-12-27,0.00596606503348554
2018-12-28,0.012047229033282331
2018-12-29,0.008245423248872464
2018-12-30,0.005536998438187085
2018-12-31,0.0028083581249071766
2019-01-01,0.003489749322250661
2019-01-02,0.004869047183589027
2019-01-03,0.0025379542419604407
2019-01-04,0.0027608559851796943
2019-01-05,0.0032130284402308936
2019-01-06,0.0024883198677586797
2019-01-07,0.001679272402737449
2019-01-08,0.0014639509551299178
2019-01-09,0.0013997545910437825
2019-01-10,0.007392818592783835
2019-01-11,0.0026653589784442606
2019-01-12,0.0016236044606962063
2019-01-13,0.0028324856638097177
2019-01-14,0.004680623044142901
2019-01-15,0.0042262131987367176
2019-01-16,0.0030769951800554605
2019-01-17,0.00226334905502909
2019-01-18,0.0011342138238172174
2019-01-19,0.0018696498259481945
2019-01-20,0.0024969388327896747
2019-01-21,0.0013730075209732577
2019-01-22,0.0023610885029474336
2019-01-23,0.0008370648710887051
2019-01-24,0.0010399061246748262
2019-01-25,0.0012560023799629621
2019-01-26,0.0006156696097488244
2019-01-27,0.001153821273937347
2019-01-28,0.0021359876653166575
2019-01-29,0.001168247680443335
2019-01-30,0.0017305727744566057
2019-01-31,0.001023150538174126
2019-02-01,0.001004666131075288
2019-02-02,0.001054829091671395
2019-02-03,0.0010385175699798369
2019-02-04,0.0007132767399599396
2019-02-05,0.0005327930275727164
2019-02-06,0.0016131641505433205
2019-02-07,0.0006747686017298188
2019-02-08,0.005698504030805129
2019-02-09,0.000999430953185722
2019-02-10,0.0021290839098067945
2019-02-11,0.0017251418623949817
2019-02-12,0.00137819975863815
2019-02-13,0.00120954222029277
2019-02-14,0.0009567123422220666
2019-02-15,0.0009957860561454202
2019-02-16,0.0008932533021454513
2019-02-17,0.0043440333550107575
2019-02-18,0.004340925209273469
2019-02-19,0.002135263406502316
2019-02-20,0.0018003442075095427
2019-02-21,0.001705485569451707
2019-02-22,0.0008928223383548452
2019-02-23,0.0033877888778644882
2019-02-24,0.012719644172722372
2019-02-25,0.002835861893628836
2019-02-26,0.001525088200414536
2019-02-27,0.0031467049725481862
2019-02-28,0.003049597296260462
2019-03-01,0.000913748220377357
2019-03-02,0.0015135246677170278
2019-03-03,0.0015460725185444705
2019-03-04,0.0014864099302866933
2019-03-05,0.002856469154576992
2019-03-06,0.0019848641033823845
2019-03-07,0.001071670674256851
2019-03-08,0.0017767220079514087
2019-03-09,0.0014046588581137322
2019-03-10,0.0007243796615071822
2019-03-11,0.0008468084535671579
2019-03-12,0.0010410225793622417
2019-03-13,0.0005718926643941366
2019-03-14,0.0013577784135325225
2019-03-15,0.0009313103564532819
2019-03-16,0.0013908213044419298
2019-03-17,0.0009838172374854908
2019-03-18,0.0008292876515121348
2019-03-19,0.000623099961677157
2019-03-20,0.0007783893394451313
2019-03-21,0.0010232240791630065
2019-03-22,0.0005051142077938105
2019-03-23,0.0005830183201785017
2019-03-24,0.0006021917401984541
2019-03-25,0.0008315556048969487
2019-03-26,0.0004955813768088216
2019-03-27,0.0008742812814720126
2019-03-28,0.0004983981874923196
2019-03-29,0.00097508856067252
2019-03-30,0.0008116181324279707
2019-03-31,0.0005024832400347591
2019-04-01,0.0007872296407358172
2019-04-02,0.007170866718339003
2019-04-03,0.009818988714996025
2019-04-04,0.0028608218559237485
2019-04-05,0.002434582561734741
2019-04-06,0.0027819022016568897
2019-04-07,0.002525016906057908
2019-04-08,0.0037701546258870544
2019-04-09,0.0014337274774161358
2019-04-10,0.004039549718160995
2019-04-11,0.0031169904752860055
2019-04-12,0.0013740874529683607
2019-04-13,0.0007486647359523178
2019-04-14,0.0008918715507096756
2019-04-15,0.0025595257909647538
2019-04-16,0.0014764663269451572
2019-04-17,0.0009916012783614877
2019-04-18,0.0015211753204855151
2019-04-19,0.0010787206294955924
2019-04-20,0.0009748593067666439
2019-04-21,0.0010493239896835573
2019-04-22,0.0010105881069730994
2019-04-23,0.001272899954687859
2019-04-24,0.0015907224358386355
2019-04-25,0.002734821383175795
2019-04-26,0.0014819287258370385
2019-04-27,0.0007558367072452024
2019-04-28,0.0007889820290216129
2019-04-29,0.0010436434248574649
2019-04-30,0.0014642944016030662
2019-05-01,0.0007990278480485614
2019-05-02,0.0006951407703826523
2019-05-03,0.0016931265785748036
2019-05-04,0.0012952457471367444
2019-05-05,0.0007832522370281926
2019-05-06,0.002075211307943723
2019-05-07,0.00266476360991967
2019-05-08,0.0016133264601015588
2019-05-09,0.0010390019142006031
2019-05-10,0.0018419271393618584
2019-05-11,0.005935353394123935
2019-05-12,0.005173227327340617
2019-05-13,0.0038216013333478285
2019-05-14,0.0067570948880405785
2019-05-15,0.006850262258514473
2019-05-16,0.013267471627116978
2019-05-17,0.010804257296353615
2019-05-18,0.0034644612329421207
2019-05-19,0.004514069816887459
2019-05-20,0.0038934383191973993
2019-05-21,0.002396510601543323
2019-05-22,0.0027220946124796933
2019-05-23,0.002162827590089785
2019-05-24,0.0014939100091537056
2019-05-25,0.0012156788227425052
2019-05-26,0.003274703606779704
2019-05-27,0.002847173135972021
2019-05-28,0.0016382229900074332
2019-05-29,0.001558266885385445
2019-05-30,0.0065372508354196845
2019-05-31,0.0027698487074413556
2019-06-01,0.0024518821904987364
2019-06-02,0.0014336175700242811
2019-06-03,0.0026548759252736807
2019-06-04,0.0030900102456590975
2019-06-05,0.0017877051656780133
2019-06-06,0.0015062765112890267
2019-06-07,0.0014456197533213296
2019-06-08,0.0009376920780909052
2019-06-09,0.0021583744192186314
2019-06-10,0.002372351890692938
2019-06-11,0.0015760300916788754
2019-06-12,0.002132303928236029
2019-06-13,0.0015073890144792785
2019-06-14,0.0012586337683757217
2019-06-15,0.0011066287077024345
2019-06-16,0.0028630117787606458
2019-06-17,0.0012481016044960372
2019-06-18,0.001346725741491956
2019-06-19,0.0007431359118771411
2019-06-20,0.0007820761372375313
2019-06-21,0.002672268534509056
2019-06-22,0.0032423811226224724
2019-06-23,0.0026198121016879814
2019-06-24,0.0022029939361474294
2019-06-25,0.0014674332247485008
2019-06-26,0.013172965157954757
2019-06-27,0.010878148234070689
2019-06-28,0.003513284528675058
2019-06-29,0.0026656352124514566
2019-06-30,0.004203679902079303
2019-07-01,0.0032907535784615634
2019-07-02,0.0035398543036983506
2019-07-03,0.0017634172381993528
2019-07-04,0.0018500920788980303
2019-07-05,0.0017457814432531057
2019-07-06,0.001434955872714087
2019-07-07,0.002307068908895979
2019-07-08,0.0013844849080532386
2019-07-09,0.0013779419258568774
2019-07-10,0.003216700710589936
2019-07-11,0.004811353112750075
2019-07-12,0.0016779705109423442
2019-07-13,0.0015337691443514593
2019-07-14,0.009012816913372124
2019-07-15,0.008184426726339
2019-07-16,0.00920577341408077
2019-07-17,0.007033158591140322
2019-07-18,0.005562309521810101
2019-07-19,0.003093781603239635
2019-07-20,0.0020219240170640256
2019-07-21,0.0016726576465041238
2019-07-22,0.002458323948602619
2019-07-23,0.0020564439843329565
2019-07-24,0.0030240137489178386
2019-07-25,0.0018497154059450823
2019-07-26,0.0012773961762731633
2019-07-27,0.002666021621255109
2019-07-28,0.002491905222819462
2019-07-29,0.001827181444670927
2019-07-30,0.0011030613949385578
2019-07-31,0.0011230440589057834
2019-08-01,0.0010426792318705383
2019-08-02,0.0011355865433670164
2019-08-03,0.0008886543300525747
2019-08-04,0.0008931599360978446
2019-08-05,0.0016130578815620991
2019-08-06,0.0020037798569833756
2019-08-07,0.00141387985382818
2019-08-08,0.001039932620521891
2019-08-09,0.0017226731001908824
2019-08-10,0.002220795678643108
2019-08-11,0.0013212747699124826
2019-08-12,0.0008410598998139539
2019-08-13,0.001113380369317663
2019-08-14,0.004495713139841012
2019-08-15,0.002548714915822702
2019-08-16,0.002516843688037324
2019-08-17,0.0010877371023235594
2019-08-18,0.0019173253142760252
2019-08-19,0.0015073297771639722
2019-08-20,0.0011848585878971396
2019-08-21,0.0019102133664219269
2019-08-22,0.002085494034044801
2019-08-23,0.0012940779729828837
2019-08-24,0.0011667238664099192
2019-08-25,0.001319198253665423
2019-08-26,0.0014423133687416457
2019-08-27,0.0008032294445308526
2019-08-28,0.005207892833790893
2019-08-29,0.002064554084536131
2019-08-30,0.0009626551385284389
2019-08-31,0.001121732292300154
2019-09-01,0.0008169098424191902
2019-09-02,0.0015739597126466858
2019-09-03,0.0013269971540719825
2019-09-04,0.00102515316479264
2019-09-05,0.0008905554285880788
2019-09-06,0.0012895562158027206
2019-09-07,0.0014615197444835068
2019-09-08,0.0018396741726067092
2019-09-09,0.0017165205495560394
2019-09-10,0.0011489625316564332
2019-09-11,0.0010628337958467275
2019-09-12,0.0006864006458443034
2019-09-13,0.0006131830175937942
2019-09-14,0.0008889011765241037
2019-09-15,0.0007063763200642731
2019-09-16,0.0013989068895480386
2019-09-17,0.002105379285115679
2019-09-18,0.0017083658555898083
2019-09-19,0.002268202647825281
2019-09-20,0.001471158419793652
2019-09-21,0.0011946471221104705
2019-09-22,0.001366381408620137
2019-09-23,0.00189772088200902
2019-09-24,0.016349295092864292
2019-09-25,0.003934845039305441
2019-09-26,0.004333378106096875
2019-09-27,0.0024833231698277837
2019-09-28,0.001708021111577218
2019-09-29,0.0017693314031151177
2019-09-30,0.0025170482549245325
2019-10-01,0.0022558332936532858
2019-10-02,0.0013641959107006708
2019-10-03,0.0013792781916627844
2019-10-04,0.001116606212742931
2019-10-05,0.0011946991729839085
2019-10-06,0.0014722645682874406
2019-10-07,0.0019080798430066628
2019-10-08,0.0010561658320873838
2019-10-09,0.0022338569114215855
2019-10-10,0.0013202589425061447
2019-10-11,0.0027552697821529165
2019-10-12,0.0013502431515380205
2019-10-13,0.0009939804192145947
2019-10-14,0.0010265867747160755
2019-10-15,0.0016477955638722398
2019-10-16,0.0013009430379523333
2019-10-17,0.0007788840625152848
2019-10-18,0.0013022715300094823
2019-10-19,0.0010685928139372398
2019-10-20,0.0009182882646018173
2019-10-21,0.0008220221337858813
2019-10-22,0.0008130652467595852
2019-10-23,0.00327651545982373
2019-10-24,0.0011517446559643142
2019-10-25,0.005450324012023874
2019-10-26,0.006163284276468332
2019-10-27,0.0028362774620399323
2019-10-28,0.0017362021971426321
2019-10-29,0.001826478521475471
2019-10-30,0.00182337477151237
2019-10-31,0.001428558142973795
2019-11-01,0.0010692440847048035
2019-11-02,0.0007173465643176915
2019-11-03,0.0007000701708985751
2019-11-04,0.0010232533607191113
2019-11-05,0.0011749870022373734
2019-11-06,0.0008573042356076455
2019-11-07,0.0009674848657117798
2019-11-08,0.0010484982500003357
2019-11-09,0.0006269688872293879
2019-11-10,0.001306746176145033
2019-11-11,0.0008881651968844413
2019-11-12,0.0007163067677607741
2019-11-13,0.0005376546029490225
2019-11-14,0.0008194578039188596
2019-11-15,0.001404439817825509
2019-11-16,0.0006840899347951915
2019-11-17,0.000686907498893676
2019-11-18,0.0009558515765904184
2019-11-19,0.000977740138905417
2019-11-20,0.0008629559068952267
2019-11-21,0.003152301323523107
2019-11-22,0.00733721906545917
2019-11-23,0.0018883750136101944
2019-11-24,0.002838204375363206
2019-11-25,0.005612925644919781
2019-11-26,0.0018893173972160534
2019-11-27,0.0027065527926733784
2019-11-28,0.001543211129157333
2019-11-29,0.0017375158088535608
2019-11-30,0.0011350392333014262
2019-12-01,0.0017326174588585506
2019-12-02,0.0011554029127917496
2019-12-03,0.0008647655213968934
2019-12-04,0.0022895651874894583
2019-12-05,0.0011468186981080622
2019-12-06,0.001009235116999237
2019-12-07,0.0006142170879363706
2019-12-08,0.0008313457539465937
2019-12-09,0.0008163711400138776
2019-12-10,0.000662460175936867
2019-12-11,0.0008484053894567627
2019-12-12,0.0010999370539202208
2019-12-13,0.0005052436635943187
2019-12-14,0.0006186405657990466
2019-12-15,0.0009082158813714847
2019-12-16,0.004475865675282342
2019-12-17,0.003741622059226339
2019-12-18,0.005772663782176688
2019-12-19,0.0030569242956417237
2019-12-20,0.0010091250244939098
2019-12-21,0.00065812019141624
2019-12-22,0.0014607719279440888
2019-12-23,0.0018203444919224934
2019-12-24,0.001077510905219134
2019-12-25,0.0011924920291726978
2019-12-26,0.001660870830792731
2019-12-27,0.001244069717217183
2019-12-28,0.0011163654609158084
2019-12-29,0.001751964154994718
2019-12-30,0.0011011393860115542
2019-12-31,0.001202819180541553
2020-01-01,0.000793571917287009
2020-01-02,0.0008663133198189093
2020-01-03,0.001886998233694081
2020-01-04,0.0008275396845494238
2020-01-05,0.000990836166682885
2020-01-06,0.0017740110737584683
2020-01-07,0.0011324682307882888
2020-01-08,0.0019006093772681943
2020-01-09,0.00136659421418584
2020-01-10,0.0018427829403522486
2020-01-11,0.0015397238119155272
2020-01-12,0.0010957051705387008
2020-01-13,0.0007991731548122835
2020-01-14,0.007796752973503419
2020-01-15,0.0036008136537042023
2020-01-16,0.0018404340019236515
2020-01-17,0.002873298944045993
2020-01-18,0.0025652215934373074
2020-01-19,0.004284633925853312
2020-01-20,0.0014395094756357728
2020-01-21,0.0012216491082146983
2020-01-22,0.0008680359962870189
2020-01-23,0.0013515846188429028
2020-01-24,0.0013611217821559167
2020-01-25,0.0011782849815273825
2020-01-26,0.0012034714914668822
2020-01-27,0.0011374886461610586
2020-01-28,0.0013470156406863907
2020-01-29,0.001197621978932788
2020-01-30,0.0020087365353580995
2020-01-31,0.0012978609553926722
2020-02-01,0.001058517928982674
2020-02-02,0.0013962291459083767
2020-02-03,0.0013092123356339812
2020-02-04,0.001008236335689736
2020-02-05,0.0018346342695750462
2020-02-06,0.002386962144079095
2020-02-07,0.002046756101717294
2020-02-08,0.0016990651353601502
2020-02-09,0.0010205297671934436
2020-02-10,0.0017328530288354736
2020-02-11,0.0034445254270570897
2020-02-12,0.00404599218946384
2020-02-13,0.004288271217063734
2020-02-14,0.0023936744623723263
2020-02-15,0.0036337756547638895
2020-02-16,0.004282939296234089
2020-02-17,0.004845586690513728
2020-02-18,0.0030372945510926228
2020-02-19,0.004809441470212962
2020-02-20,0.0037185781493353784
2020-02-21,0.0017490089444857355
2020-02-22,0.0013694884258363899
2020-02-23,0.0013781740968421045
2020-02-24,0.002124887433257494
2020-02-25,0.0032345511010962676
2020-02-26,0.005261910343220548
2020-02-27,0.004820006164136763
2020-02-28,0.0034211663989846043
2020-02-29,0.002038374847909994
2020-03-01,0.002871945041006624
2020-03-02,0.0021362688779942318
2020-03-03,0.0021244971014825814
2020-03-04,0.00119570598512955
2020-03-05,0.0012354112224212742
2020-03-06,0.0016701722986735851
2020-03-07,0.001764185470873752
2020-03-08,0.007487281689980297
2020-03-09,0.006672924627213858
2020-03-10,0.0022948696186365623
2020-03-11,0.003064637521619347
2020-03-12,0.09319793205626231
2020-03-13,0.09815068926543563
2020-03-14,0.0074239697162753245
2020-03-15,0.0061936904551593555
2020-03-16,0.02130787481034653
2020-03-17,0.007270974366831639
2020-03-18,0.005156776873333176
2020-03-19,0.009491340688819759
2020-03-20,0.01519762276006692
2020-03-21,0.007120363423458942
2020-03-22,0.0057591970912613455
2020-03-23,0.008707258595842733
2020-03-24,0.004333057811487167
2020-03-25,0.003346161151037924
2020-03-26,0.0019979640493685397
2020-03-27,0.0026363534793151177
2020-03-28,0.0029993986214636617
2020-03-29,0.002020360142685109
2020-03-30,0.002404552922502262
2020-03-31,0.0016159522218782106
2020-05-01,0.0018527916330587889
2020-05-02,0.0009181184380287182
2020-05-03,0.001606786153045766
2020-05-04,0.0021631497521753594
2020-05-05,0.0017561374526046487
2020-05-06,0.0019166139778077516
2020-05-07,0.0027066367862915125
2020-05-08,0.0014310027985643947
2020-05-09,0.0010835361445219326
2020-05-10,0.011002183208991179
2020-05-11,0.0035257319336399816
2020-05-12,0.0017731683140852254
2020-05-13,0.0016731401363345674
2020-05-14,0.001870609214422144
2020-05-15,0.0018165905300059192
2020-05-16,0.0013650233958232652
2020-05-17,0.0012240130037312704
2020-05-18,0.0015153151494418859
2020-05-19,0.001039391918828135
2020-05-20,0.0013080525640092621
2020-05-21,0.0018199750273829342
2020-05-22,0.001298734687203852
2020-05-23,0.0008692818510421861
2020-05-24,0.0014684083164383317
2020-05-25,0.0010963284582841725
2020-05-26,0.001047291483745512
2020-05-27,0.0008682501121035884
2020-05-28,0.0012802605335202168
2020-05-29,0.0010652572304342698
2020-05-30,0.0029113434922002925
2020-05-31,0.0017898785612445655
2020-06-01,0.002197417310221935
2020-06-02,0.005394498009492269
2020-06-03,0.0010944750519785184
2020-06-04,0.001614516656484838
2020-06-05,0.0011800846686145553
2020-06-06,0.0009494421350128288
2020-06-07,0.0011413348441018398
2020-06-08,0.0006999166540839374
2020-06-09,0.0016464779158926973
2020-06-10,0.0010304427013371302
2020-06-11,0.0022207555506518054
2020-06-12,0.0008811777514173955
2020-06-13,0.0006459359997646379
2020-06-14,0.0008623455227292273
2020-06-15,0.0014909136528454396
2020-06-16,0.0007988600131647441
2020-06-17,0.0009224304597194964
2020-06-18,0.0007054201978891586
2020-06-19,0.000778453647708083
2020-06-20,0.0006597250680989812
2020-06-21,0.0005260857088102261
2020-06-22,0.0013353607149148464
2020-06-23,0.0006086134385648867
2020-06-24,0.0015771903376442236
2020-06-25,0.0009461166210646007
2020-06-26,0.0009218777715978154
2020-06-27,0.0012593467264355005
2020-06-28,0.0008874900508380557
2020-06-29,0.0008938083083051005
2020-06-30,0.0007295217234387953
2020-07-01,0.0008912054015343368
2020-07-02,0.0011167768058604661
2020-07-03,0.0006862052549141821
2020-07-04,0.0007228306068455715
2020-07-05,0.0007787823128110163
2020-07-06,0.001286279062224646
2020-07-07,0.0008415226393840613
2020-07-08,0.001073592447607454
2020-07-09,0.0010230610621313292
2020-07-10,0.0007062846611505015
2020-07-11,0.0005677175400999535
2020-07-12,0.0009639996328724229
2020-07-13,0.000783625479839971
2020-07-14,0.0006196400207053356
2020-07-15,0.0005562034961483059
2020-07-16,0.0008921582709519342
2020-07-17,0.0004889386021987676
2020-07-18,0.0004793485767311329
2020-07-19,0.0005577991344148767
2020-07-20,0.0005694721737077219
2020-07-21,0.0008386074895525696
2020-07-22,0.003384774137128858
2020-07-23,0.0020561950934351154
2020-07-24,0.0016585177374649914
2020-07-25,0.002738496018807715
2020-07-26,0.00213962366610429
2020-07-27,0.005419384427203797
2020-07-28,0.0020675143007349395
2020-07-29,0.0013980042812071977
2020-07-30,0.0016759406789967042
2020-07-31,0.0015867873676194246
2020-08-01,0.0037287819861469163
2020-08-02,0.02607965440885791
2020-08-03,0.0023612485817853216
2020-08-04,0.001925942411101253
2020-08-05,0.002302814611911336
2020-08-06,0.0010063930603788325
2020-08-07,0.0024365417441412577
2020-08-08,0.0014858671138087694
2020-08-09,0.0017150501661431423
2020-08-10,0.0014606404540551913
2020-08-11,0.002047022409142353
2020-08-12,0.0013469438631378416
2020-08-13,0.004103623970843313
2020-08-14,0.0017824731528247868
2020-08-15,0.0013751943774135862
2020-08-16,0.0013781917808058596
2020-08-17,0.0019484214149967534
2020-08-18,0.001385477179941348
2020-08-19,0.002611080090552438
2020-08-20,0.0011565028923422131
2020-08-21,0.0021972513715295457
2020-08-22,0.001321224427924243
2020-08-23,0.0009865359856029612
2020-08-24,0.0012391169693811003
2020-08-25,0.002830632805448355
2020-08-26,0.0013128486772913612
2020-08-27,0.001689198379047034
2020-08-28,0.001099438941598171
2020-08-29,0.0009685343523682076
2020-08-30,0.0017281355271994469
2020-08-31,0.0012207862699125606
2020-09-01,0.0032182135979879614
2020-09-02,0.004751356245155024
2020-09-03,0.007933444418829082
2020-09-04,0.005203542103892097
2020-09-05,0.015306642807955127
2020-09-06,0.0068601175846686995
2020-09-07,0.004515064729631212
2020-09-08,0.004029476271455121
2020-09-09,0.00213762632349918
2020-09-10,0.0026665432758940224
2020-09-11,0.0017036112745004745
2020-09-12,0.0013764790870399327
2020-09-13,0.0022863769296409945
2020-09-14,0.002202402651350334
2020-09-15,0.0018243695493996126
2020-09-16,0.001540072046589559
2020-09-17,0.002411669899150151
2020-09-18,0.001243100298782889
2020-09-19,0.0009923270985916902
2020-09-20,0.00137574317996996
2020-09-21,0.0035207813071832256
2020-09-22,0.0015977263982180304
2020-09-23,0.002537458419176149
2020-09-24,0.0028241769814721157
2020-09-25,0.0015044923586480527
2020-09-26,0.0012867466268304721
2020-09-27,0.0011873083608051364
2020-09-28,0.001232170581108624
2020-09-29,0.0009409489695747325
2020-09-30,0.000757272386751642
2020-10-01,0.0012766854558813585
2020-10-02,0.0016491316275249988
2020-10-03,0.0006842551547881739
2020-10-04,0.0007226883615354352
2020-10-05,0.0007121565328822906
2020-10-06,0.0013923639290516893
2020-10-07,0.0009531482668345434
2020-10-08,0.0010546157233876144
2020-10-09,0.0009678091496682724
2020-10-10,0.001018391968943016
2020-10-11,0.0008381623580602305
2020-10-12,0.0014157577085738085
2020-10-13,0.0010487002119600201
2020-10-14,0.000960539491710804
2020-10-15,0.0009111677326507624
2020-10-16,0.0013832257997042035
2020-10-17,0.0006670842450778446
2020-10-18,0.0007069055179199904
2020-10-19,0.000643096478760058
2020-10-20,0.0012065731088196012
2020-10-21,0.0017907396720658417
2020-10-22,0.0018701102474679432
2020-10-23,0.0010288255766214757
2020-10-24,0.0007961401922571361
2020-10-25,0.0010241710610212034
2020-10-26,0.0013927510406864516
2020-10-27,0.001071985945657777
2020-10-28,0.0015288094559946141
2020-10-29,0.0010506650189880352
2020-10-30,0.0012896730218526044
2020-10-31,0.0009266469647453846
2020-11-01,0.0009236283585248967
2020-11-02,0.0014207749175110822
2020-11-03,0.0011453390297147385
2020-11-04,0.0017271452234725168
2020-11-05,0.0022620067539014955
2020-11-06,0.0035196436924749375
2020-11-07,0.003285557938144754
2020-11-08,0.0017146861491892157
2020-11-09,0.0018919733440540159
2020-11-10,0.0012611104371991484
2020-11-11,0.0015444897316384595
2020-11-12,0.0016589825128057892
2020-11-13,0.0011450264506120318
2020-11-14,0.001116855851048352
2020-11-15,0.001041626451309629
2020-11-16,0.0009259096339281146
2020-11-17,0.0015698902484292882
2020-11-18,0.0026191467779673803
2020-11-19,0.0010127300711788153
2020-11-20,0.002330383217779402
2020-11-21,0.0029421133644093635
2020-11-22,0.0035933787857094297
2020-11-23,0.005225221520128746
2020-11-24,0.0033365115487915924
2020-11-25,0.002938763558169969
2020-11-26,0.01051644250373776
2020-11-27,0.0030110258715646487
2020-11-28,0.0019091222769447996
2020-11-29,0.0021116377828185985
2020-11-30,0.0030246567245739795
2020-12-01,0.00839213554562169
2020-12-02,0.002258958733355763
2020-12-03,0.001575714794159945
2020-12-04,0.002763283452308043
2020-12-05,0.0013783631710020206
2020-12-06,0.0010675141036937752
2020-12-07,0.0009115607950161066
2020-12-08,0.002001175903275048
2020-12-09,0.001979420825764157
2020-12-10,0.0015366801829960952
2020-12-11,0.0017209007324701985
2020-12-12,0.0011003394111554392
2020-12-13,0.0011724865980061749
2020-12-14,0.0009716318825317666
2020-12-15,0.0009206114202661252
2020-12-16,0.002235266784276711
2020-12-17,0.003910341554247198
2020-12-18,0.0019716958286780037
2020-12-19,0.0014896201985255797
2020-12-20,0.0018559565908013139
2020-12-21,0.0026742779936358174
2020-12-22,0.0020299560040198884
2020-12-23,0.005602845856358578
2020-12-24,0.0025794229537433135
2020-12-25,0.0018972052013783362
2020-12-26,0.001978926266418628
2020-12-27,0.0055330928496318205
2020-12-28,0.0042232476079334365
2020-12-29,0.003240402120155149
2020-12-30,0.0020712056362448008
2020-12-31,0.0019120642184326051
2021-01-01,0.0013767781447613816
2021-01-02,0.0030318018639523053
2021-01-03,0.01650945521326455
2021-01-04,0.02041370219615787
2021-01-05,0.012030843747639729
2021-01-06,0.009043395691230197
2021-01-07,0.008255561881719877
2021-01-08,0.012365093971403781
2021-01-09,0.005176157336452552
2021-01-10,0.007422969385243373
2021-01-11,0.035839796389727396
2021-01-12,0.010322691570511187
2021-01-13,0.007146058859159195
2021-01-14,0.004948035841222751
2021-01-15,0.008807300585397653
2021-01-16,0.005379549055122232
2021-01-17,0.004307764678690645
2021-01-18,0.002796898053735477
2021-01-19,0.006379505541792022
2021-01-20,0.006507477103476164
2021-01-21,0.013608912378210547
2021-01-22,0.009237882292866565
2021-01-23,0.0033975391426914353
2021-01-24,0.004888840486042309
2021-01-25,0.006213813910258123
2021-01-26,0.0052882253691140056
2021-01-27,0.007709209600017396
2021-01-28,0.004237594834369214
2021-01-29,0.0071375659278186
2021-01-30,0.002932974033642031
2021-01-31,0.0024132954588091415
2021-02-01,0.0024432750464586438
2021-02-02,0.004729433089616054
2021-02-03,0.003828311726459691
2021-02-04,0.004555898506813337
2021-02-05,0.0032646304356520345
2021-02-06,0.0022851682573352705
2021-02-07,0.003514552803596795
2021-02-08,0.00434985464536969
2021-02-09,0.0028987927162154076
2021-02-10,0.0033956182441591473
2021-02-11,0.0020402711447541954
2021-02-12,0.0018995420695309044
2021-02-13,0.0020050992003194106
2021-02-14,0.0012468399749205462
2021-02-15,0.0034426646873670463
2021-02-16,0.0021893973785404425
2021-02-17,0.0017975087719506325
2021-02-18,0.0017743646532767088
2021-02-19,0.0011792561810605993
2021-02-20,0.004098662447584365
2021-02-21,0.0018558591211791096
2021-02-22,0.010443099665580787
2021-02-23,0.02072658385733843
2021-02-24,0.006408329105206768
2021-02-25,0.005369411999575068
2021-02-26,0.007244226639147251
2021-02-27,0.0038367983388952675
2021-02-28,0.006398740935213251
2021-03-01,0.003715593048514392
2021-03-02,0.0034234235537485697
2021-03-03,0.00295351478020613
2021-03-04,0.0038258215086151882
2021-03-05,0.003002144472990995
2021-03-06,0.002723654406662045
2021-03-07,0.002299665075283281
2021-03-08,0.002804057117510951
2021-03-09,0.0017453701988954684
2021-03-10,0.0026571440714386546
2021-03-11,0.0024458366695392724
2021-03-12,0.002466746029157423
2021-03-13,0.0027257369034947845
2021-03-14,0.001728603607239075
2021-03-15,0.002502512922670465
2021-03-16,0.0019070174904616602
2021-03-17,0.0013315148489837095
2021-03-18,0.001386543378929453
2021-03-19,0.0012560313922365895
2021-03-20,0.00097995981076482
2021-03-21,0.0011010074987500445
2021-03-22,0.0018894517078391479
2021-03-23,0.0016353012938550792
2021-03-24,0.002721187023354392
2021-03-25,0.002523899696044777
2021-03-26,0.0015361933124856577
2021-03-27,0.0010081678435696312
2021-03-28,0.0009021737209910894
2021-03-29,0.0018524431661105457
2021-03-30,0.0009097652018919911
2021-03-31,0.001953551713841769
2021-04-01,0.0018693228419528656
2021-04-02,0.0022322742547736373
2021-04-03,0.0025827836850674827
2021-04-04,0.0015816399997589689
2021-04-05,0.0013590372109245656
2021-04-06,0.001667300661819654
2021-04-07,0.0030294399633221053
2021-04-08,0.0015767802698948776
2021-04-09,0.0007608984135194065
2021-04-10,0.0014023105871134732
2021-04-11,0.0009551919395408733
2021-04-12,0.0011240348866440452
2021-04-13,0.001827742919693991
2021-04-14,0.003215607607165565
2021-04-15,0.001713758048461085
2021-04-16,0.0031609196881166525
2021-04-17,0.0022767073016662456
2021-04-18,0.011164728865562117
2021-04-19,0.003404254630786598
2021-04-20,0.004561464384373801
2021-04-21,0.003254918823668699
2021-04-22,0.0068379099927129905
2021-04-23,0.010477274912560206
2021-04-24,0.0045577193502876825
2021-04-25,0.0036053460973769127
2021-04-26,0.0040092339900736065
2021-04-27,0.0022314828288539073
2021-04-28,0.0029324765527237893
2021-04-29,0.0017801915528762396
2021-04-30,0.0011834453908999994
2021-05-01,0.0016393433019314583
2021-05-02,0.0012001477176474618
2021-05-03,0.005070132960718846
2021-05-04,0.008040140208549902
2021-05-05,0.004442384770879409
2021-05-06,0.002607284468367903
2021-05-07,0.002343485776710284
2021-05-08,0.003889652819073027
2021-05-09,0.002894805834062366
2021-05-10,0.005714036869190645
2021-05-11,0.003927765097498585
2021-05-12,0.0068501665059022936
2021-05-13,0.011590356424734561
2021-05-14,0.004131968293380208
2021-05-15,0.005515988192207832
2021-05-16,0.006256158722450736
2021-05-17,0.009621374737172896
2021-05-18,0.005489055344714648
2021-05-19,0.07387087561435275
2021-05-20,0.02686529137082689
2021-05-21,0.02122274514526107
2021-05-22,0.012098024007626884
2021-05-23,0.022712122925805527
2021-05-24,0.019154105094957227
2021-05-25,0.010035745815102786
2021-05-26,0.006222556460752354
2021-05-27,0.004720710618300783
2021-05-28,0.00851498763719019
2021-05-29,0.006779659944513363
2021-05-30,0.0043348839432019205
2021-05-31,0.006060572225754441
2021-06-01,0.004332262586402471
2021-06-02,0.002701090971194025
2021-06-03,0.0028382100061947408
2021-06-04,0.00408136523863938
2021-06-05,0.00382802211922727
2021-06-06,0.0020925733603756173
2021-06-07,0.003355479676029051
2021-06-08,0.005260087636473963
2021-06-09,0.004128385876051926
2021-06-10,0.0028082442525898437
2021-06-11,0.0026638806485502933
2021-06-12,0.002609055455307162
2021-06-13,0.0025502277620046156
2021-06-14,0.0017181716094277666
2021-06-15,0.00164049739448989
2021-06-16,0.0030684211640048835
2021-06-17,0.0016781656322530079
2021-06-18,0.0028742231977636644
2021-06-19,0.0019054003540292844
2021-06-20,0.0026457862104064056
2021-06-21,0.01033573157332409
2021-06-22,0.00771544234919678
2021-06-23,0.004189975802278751
2021-06-24,0.0021861207296944777
2021-06-25,0.004378685140519959
2021-06-26,0.0038430951073045506
2021-06-27,0.002972909665911002
2021-06-28,0.0033438003204042926
2021-06-29,0.0026720444197588823
2021-06-30,0.004798811501188248
2021-07-01,0.003448191103941461
2021-07-02,0.0022537953131305183
2021-07-03,0.0014929960445879563
2021-07-04,0.001664567339029353
2021-07-05,0.002620668333380159
2021-07-06,0.0026665012264387245
2021-07-07,0.0015568816726928391
2021-07-08,0.002854627427072128
2021-07-09,0.001920255809008355
2021-07-10,0.0016115521091843166
2021-07-11,0.0011437607472879574
2021-07-12,0.001630533995857397
2021-07-13,0.0018585529593318864
2021-07-14,0.0022246686884209127
2021-07-15,0.0023727919374821153
2021-07-16,0.002052985942729812
2021-07-17,0.0014811317527303066
2021-07-18,0.0014710762797673534
2021-07-19,0.0014830491937265916
2021-07-20,0.0023037619662093787
2021-07-21,0.0040807554146239655
2021-07-22,0.0019875149000887853
2021-07-23,0.0016661042388737388
2021-07-24,0.0013545344307191874
2021-07-25,0.001418178581236385
2021-07-26,0.00422366629455477
2021-07-27,0.0026467230085551394
2021-07-28,0.002188289189465866
2021-07-29,0.001407731669021568
2021-07-30,0.0018730785110968565
2021-07-31,0.0012876335917036434
2021-08-01,0.002036534845279219
2021-08-02,0.0018334440115476108
2021-08-03,0.002354839510830365
2021-08-04,0.002912390781916286
2021-08-05,0.004090807959195095
2021-08-06,0.002051185429678848
2021-08-07,0.0035537946430881924
2021-08-08,0.0028563311110746882
2021-08-09,0.002968585209658477
2021-08-10,0.0022558598234880033
2021-08-11,0.0016959467855458639
2021-08-12,0.0021091722862017115
2021-08-13,0.0024178079485921
2021-08-14,0.0013856700887069397
2021-08-15,0.0015319972208520743
2021-08-16,0.00196060712748291
2021-08-17,0.002440197496638624
2021-08-18,0.0020569719199735937
2021-08-19,0.001947036351569894
2021-08-20,0.001251250745901279
2021-08-21,0.001079083899803456
2021-08-22,0.0010506153686034602
2021-08-23,0.0011934844848677027
2021-08-24,0.0014946852060726378
2021-08-25,0.001541413625966397
2021-08-26,0.0018020245116672348
2021-08-27,0.0016722727393012058
2021-08-28,0.0007354171106522234
2021-08-29,0.0009434003080480776
2021-08-30,0.0012483513723593903
2021-08-31,0.0021108329600699628
2021-09-01,0.0032852230458455924
2021-09-02,0.0012343204038975126
2021-09-03,0.0016591790564211527
2021-09-04,0.0009643127950421768
2021-09-05,0.0008707719007991748
2021-09-06,0.0007111748578513967
2021-09-07,0.015133562105265582
2021-09-08,0.004214686174335232
2021-09-09,0.0025428886881666696
2021-09-10,0.0032034002703326754
2021-09-11,0.0017949796539644927
2021-09-12,0.001734582739637317
2021-09-13,0.003707047426471045
2021-09-14,0.001917625007337493
2021-09-15,0.00143441913751543
2021-09-16,0.0015818156516734531
2021-09-17,0.0017815032812899037
2021-09-18,0.001215810565449991
2021-09-19,0.0013625885468270325
2021-09-20,0.005620369292684226
2021-09-21,0.006544684502944294
2021-09-22,0.004447741275004244
2021-09-23,0.0017162559536105433
2021-09-24,0.00464963653619576
2021-09-25,0.002913855032678257
2021-09-26,0.003268699796387722
2021-09-27,0.002464289863565839
2021-09-28,0.0027632738376055692
2021-09-29,0.0018314466456897413
2021-09-30,0.0024058539178338067
2021-10-01,0.003146431191530491
2021-10-02,0.001526038097376036
2021-10-03,0.001251191470748272
2021-10-04,0.0018677757153520926
2021-10-05,0.0012391254239792985
2021-10-06,0.0022371654365806195
2021-10-07,0.0017263935672696333
2021-10-08,0.0012595843388560212
2021-10-09,0.0008461870189264977
2021-10-10,0.0017743947613366457
2021-10-11,0.0017089098561252024
2021-10-12,0.0018130191055785653
2021-10-13,0.0026483891297578383
2021-10-14,0.0014167974365615794
2021-10-15,0.0011899865891483495
2021-10-16,0.0011330700231877613
2021-10-17,0.0014646950062279962
2021-10-18,0.0015259742153696557
2021-10-19,0.0014626693316457612
2021-10-20,0.0017109149463582698
2021-10-21,0.0036742799404517034
2021-10-22,0.0014666649436670095
2021-10-23,0.0013657258030064332
2021-10-24,0.0013778253685411415
2021-10-25,0.001037698546948478
2021-10-26,0.0012415716998222743
2021-10-27,0.0026048778933812945
2021-10-28,0.0028665280473145335
2021-10-29,0.001610579878378915
2021-10-30,0.0009644863108203225
2021-10-31,0.0011907828111662913
2021-11-01,0.0014243176831623995
2021-11-02,0.0014735336233124092
2021-11-03,0.0010714072738164991
2021-11-04,0.0010245459525314285
2021-11-05,0.0008357346259272955
2021-11-06,0.0009127706470117897
2021-11-07,0.0006943142014636932
2021-11-08,0.0008687706574266683
2021-11-09,0.0007993418032645006
2021-11-10,0.0020789037415910793
2021-11-11,0.0010010358073651356
2021-11-12,0.0012370415622290657
2021-11-13,0.0008011255708051202
2021-11-14,0.0007678844825043227
2021-11-15,0.000855199618597528
2021-11-16,0.0038387086958613136
2021-11-17,0.0021883630546650117
2021-11-18,0.0030325435608586663
2021-11-19,0.0020196635367796725
2021-11-20,0.001089653762985965
2021-11-21,0.0011115592457013289
2021-11-22,0.0021261959017897223
2021-11-23,0.0021178576230620827
2021-11-24,0.0016008500171970667
2021-11-25,0.0013589552478890088
2021-11-26,0.004173315019511383
2021-11-27,0.0011896184112566714
2021-11-28,0.0018254770553319296
2021-11-29,0.0012328833254978604
2021-11-30,0.002517815102188803
2021-12-01,0.0018375008124298137
2021-12-02,0.0017436395832265022
2021-12-03,0.002923360386305986
2021-12-04,0.008363427593411401
2021-12-05,0.002135845933213099
2021-12-06,0.0025768010806527073
2021-12-07,0.00135713898811115
2021-12-08,0.0015936475944136762
2021-12-09,0.002404751698033807
2021-12-10,0.0029094382240685383
2021-12-11,0.0023395760899789465
2021-12-12,0.0010039312273141439
2021-12-13,0.0029327194223781098
2021-12-14,0.0019020957898638715
2021-12-15,0.003042062781892529
2021-12-16,0.001392724795019493
2021-12-17,0.002372637886926209
2021-12-18,0.0015981477183354806
2021-12-19,0.0014770118336513533
2021-12-20,0.0018355691049821833
2021-12-21,0.0010865758351130445
2021-12-22,0.0008109911161300754
2021-12-23,0.001189965819179453
2021-12-24,0.0008726365122048447
2021-12-25,0.0007657300316246743
2021-12-26,0.000698563593513627
2021-12-27,0.0006015565239770118
2021-12-28,0.0016394963050131454
2021-12-29,0.0014419534462526
2021-12-30,0.0011540578236601635
2021-12-31,0.0012382947280481175
2022-01-01,0.000897336523846383
2022-01-02,0.0008023574304409794
2022-01-03,0.0009154042310274653
2022-01-04,0.0010014632619827172
2022-01-05,0.002679960670633137
2022-01-06,0.0018302542370437673
2022-01-07,0.004157542420413248
2022-01-08,0.0020095878992692946
2022-01-09,0.0011534498293141193
2022-01-10,0.002538841877357502
2022-01-11,0.0014786494044798757
2022-01-12,0.0012042628945743003
2022-01-13,0.001209798652695326
2022-01-14,0.0010770277535635223
2022-01-15,0.0007200045605662047
2022-01-16,0.0008004832269042103
2022-01-17,0.0012295085804022846
2022-01-18,0.0012439701820011202
2022-01-19,0.0014099512512698333
2022-01-20,0.0014695923397074428
2022-01-21,0.00814225185894617
2022-01-22,0.008294234725378262
2022-01-23,0.0031142572998253777
2022-01-24,0.006901787852096721
2022-01-25,0.002756707931141558
2022-01-26,0.004448239641564675
2022-01-27,0.003183646012099964
2022-01-28,0.002852110284666639
2022-01-29,0.0016363558092746693
2022-01-30,0.0013071564419093636
2022-01-31,0.0019163352831438937
2022-02-01,0.001865169833594881
2022-02-02,0.0021368165743440096
2022-02-03,0.0019261111494568368
2022-02-04,0.0032537063097116403
2022-02-05,0.001310974705831322
2022-02-06,0.001051708955865452
2022-02-07,0.0013008133624750088
2022-02-08,0.001530597855499725
2022-02-09,0.0013719562578542593
2022-02-10,0.0025041276029443924
2022-02-11,0.0026306920813743743
2022-02-12,0.0014822080129410632
2022-02-13,0.001159218178639932
2022-02-14,0.0013293998132476823
2022-02-15,0.001939777678393858
2022-02-16,0.0011446163634952953
2022-02-17,0.0024670701996961286
2022-02-18,0.0020211983318354325
2022-02-19,0.0011498733055264171
2022-02-20,0.0018302021709939282
2022-02-21,0.003678804744577249
2022-02-22,0.0025444875760943703
2022-02-23,0.0016248063951623832
2022-02-24,0.005066386393072572
2022-02-25,0.0030906223572966618
2022-02-26,0.0016948929436670943
2022-02-27,0.002941073119216399
2022-02-28,0.004053609602446818
2022-03-01,0.0019580322101605757
2022-03-02,0.001965789700623454
2022-03-03,0.001521260712889868
2022-03-04,0.002496389909905171
2022-03-05,0.0008581106544234217
2022-03-06,0.001337247525713649
2022-03-07,0.0018125663609020563
2022-03-08,0.002343027526236228
2022-03-09,0.0016564974325399095
2022-03-10,0.0019399787016597175
2022-03-11,0.001664117636584924
2022-03-12,0.0006568495633769759
2022-03-13,0.0009163259378499918
2022-03-14,0.0013191838250040274
2022-03-15,0.0011649918584655443
2022-03-16,0.002393701669244459
2022-03-17,0.0008964075836478643
2022-03-18,0.0012395003785584775
2022-03-19,0.0007466578891701396
2022-03-20,0.000976660191695598
2022-03-21,0.0010107943403921402
2022-03-22,0.0012313862132880098
2022-03-23,0.001021825344875013
2022-03-24,0.0011848337955965415
2022-03-25,0.0009221795339890609
2022-03-26,0.0005514068591249919
2022-03-27,0.000982126268413971
2022-03-28,0.000999558928690347
2022-03-29,0.0010826556225436742
2022-03-30,0.0009587251352392893
2022-03-31,0.0012172215376380002
2022-04-01,0.00144885535650539
2022-04-02,0.0010943461603978252
2022-04-03,0.0009128635781971814
2022-04-04,0.0009677459389549447
2022-04-05,0.0010286441116643817
2022-04-06,0.0024942288837495564
2022-04-07,0.0013567478226877497
2022-04-08,0.0012882144401923322
2022-04-09,0.0007865253411659403
2022-04-10,0.0006891040629371498
2022-04-11,0.0022073425995284965
2022-04-12,0.0013942910728060923
2022-04-13,0.0010332797611261784
2022-04-14,0.0009966977520133487
2022-04-15,0.0007121033560641575
2022-04-16,0.0005718098886706648
2022-04-17,0.0007577515870807808
2022-04-18,0.0013421498636071335
2022-04-19,0.0008734953909764738
2022-04-20,0.0010063040477204326
2022-04-21,0.0011831838076476978
2022-04-22,0.0011226381829867
2022-04-23,0.0006388808938919924
2022-04-24,0.0007205098986692986
2022-04-25,0.0014562415096555648
2022-04-26,0.0018142038197803954
2022-04-27,0.0015156858744954092
2022-04-28,0.0015621155175360108
2022-04-29,0.0013000328413462524
